Date,Temperature,NOx,Wind Direction,Wind Speed,PM2.5
1/1/19 0:00,17.2,16.2,18,2,17
1/1/19 1:00,17.2,17,357,2.2,20
1/1/19 2:00,17,14.6,16,2.3,14
1/1/19 3:00,16.8,12.8,6,2.7,15
1/1/19 4:00,16.7,16.3,14,2.2,10
1/1/19 5:00,16.6,17.2,20,2.2,15
1/1/19 6:00,16.7,16,14,2.1,15
1/1/19 7:00,16.9,15,10,2.2,14
1/1/19 8:00,17.5,15.2,13,2.7,13
1/1/19 9:00,18.3,17.3,21,2.5,9
1/1/19 10:00,19.5,19.4,12,2.6,13
1/1/19 11:00,21,14.4,0,3.4,12
1/1/19 12:00,22,10.9,18,3,15
1/1/19 13:00,22.9,13.1,51,2.1,14
1/1/19 14:00,23.3,12.4,0,2.2,23
1/1/19 15:00,22.4,12.9,351,2.8,26
1/1/19 16:00,21.1,12.4,13,3.3,25
1/1/19 17:00,20.4,13.7,4,2.7,18
1/1/19 18:00,19.9,14.7,10,2.2,15
1/1/19 19:00,19.3,14.3,2,2.8,20
1/1/19 20:00,18.8,14.7,16,2.5,22
1/1/19 21:00,18.6,14.4,8,3.2,16
1/1/19 22:00,18.4,14.1,12,2.7,13
1/1/19 23:00,18.2,14.9,16,2.2,8
1/2/19 0:00,18,14.6,16,2.3,9
1/2/19 1:00,17.8,12.7,18,2.6,5
1/2/19 2:00,17.7,12.7,29,2.4,8
1/2/19 3:00,17.5,14.8,16,2.9,8
1/2/19 4:00,17.3,15.8,8,2.8,9
1/2/19 5:00,17.2,14.6,28,2.3,5
1/2/19 6:00,17.3,16.9,15,2.3,2
1/2/19 7:00,17.6,22.2,15,2.6,8
1/2/19 8:00,18.3,31.5,12,2.7,6
1/2/19 9:00,18.9,27.4,7,2.4,6
1/2/19 10:00,20,26.8,25,2,6
1/2/19 11:00,20.9,27.6,354,1.8,11
1/2/19 12:00,21.8,23.5,14,1.8,16
1/2/19 13:00,22.4,20.7,15,1.8,16#                            
1/2/19 14:00,22.5,22.6,354,1.9,27#                            
1/2/19 15:00,22.3,23,6,2.2,31
1/2/19 16:00,21.6,24.1,15,2,38
1/2/19 17:00,20.6,30.2,351,1.6,19
1/2/19 18:00,20.1,29.3,352,1.8,23
1/2/19 19:00,19.6,21.4,3,2.5,19
1/2/19 20:00,19.3,16.7,16,1.7,19
1/2/19 21:00,19.1,18.3,13,2.2,17
1/2/19 22:00,18.9,17.2,1,2.5,15
1/2/19 23:00,18.9,14.3,5,2.4,18
1/3/19 0:00,18.7,11.7,19,2.5,11
1/3/19 1:00,18.7,13.6,13,2.8,5
1/3/19 2:00,18.5,18.8,12,2.5,6
1/3/19 3:00,18.4,19.1,14,2.6,9
1/3/19 4:00,18.3,17.9,11,2.6,17
1/3/19 5:00,18.3,18.9,8,3.1,19
1/3/19 6:00,18.3,20.7,12,2.1,22
1/3/19 7:00,18.5,22.9,4,3,34
1/3/19 8:00,18.9,20.7,3,2.6,27
1/3/19 9:00,20,20.2,8,2.6,27
1/3/19 10:00,21.9,18.7,10,3.7,22
1/3/19 11:00,22.8,18.8,19,2.9,23
1/3/19 12:00,24,21.4,343,3.4,30
1/3/19 13:00,24.2,21.5,17,3,36
1/3/19 14:00,24.9,19.9,17,2.5,40
1/3/19 15:00,25.3,21,40,2.6,41
1/3/19 16:00,24.7,27,359,2.5,37
1/3/19 17:00,23,25.6,358,2.2,35
1/3/19 18:00,21.6,23.5,6,1.7,26
1/3/19 19:00,20.6,19.6,16,2.5,26
1/3/19 20:00,20,20.7,21,2.9,20
1/3/19 21:00,19.6,19.5,5,2.1,18
1/3/19 22:00,19.4,15.5,5,2.4,17
1/3/19 23:00,19.3,13.3,0,1.8,16
1/4/19 0:00,19.2,13.3,21,1.9,13
1/4/19 1:00,19.1,14.7,25,1.5,9
1/4/19 2:00,18.9,17.8,25,1.3,7
1/4/19 3:00,18.8,21.2,18,1.3,10
1/4/19 4:00,18.7,27.4,28,1.1,6
1/4/19 5:00,18.6,33.9,89,0.6,15
1/4/19 6:00,18.9,35.5,2,1.2,12
1/4/19 7:00,19.3,37.7,97,0.6,15
1/4/19 8:00,20.4,47.2,57,0.9,22
1/4/19 9:00,21.6,51.2,345,1.1,37
1/4/19 10:00,23,31.4,5,1.8,41
1/4/19 11:00,23.9,19.8,286,1.5,46
1/4/19 12:00,24.9,13.6,316,2,33
1/4/19 13:00,25.3,11.8,331,2.4,28
1/4/19 14:00,25.6,12.3,327,2.4,19
1/4/19 15:00,24.7,14.4,319,3.2,19
1/4/19 16:00,22.3,13.6,341,2.8,19
1/4/19 17:00,20.9,15.5,356,2.6,20
1/4/19 18:00,20.6,18.6,20,1.6,27
1/4/19 19:00,20.8,21.8,8,2.8,30
1/4/19 20:00,20.9,25.4,26,2.2,41
1/4/19 21:00,20.9,27.3,19,1.7,44
1/4/19 22:00,20.8,32,22,1.1,58
1/4/19 23:00,21,33.2,14,1,49
1/5/19 0:00,20.9,32.6,25,1.6,53
1/5/19 1:00,20.7,33.3,10,1.7,58
1/5/19 2:00,20.2,33.4,21,2,57
1/5/19 3:00,19.6,33.9,24,2,59
1/5/19 4:00,19.5,33.9,31,1.5,59
1/5/19 5:00,19.7,38,28,1.3,65
1/5/19 6:00,19.9,45.3,27,1.4,70
1/5/19 7:00,19.9,49.1,36,2,70
1/5/19 8:00,21.4,50.1,38,1.7,71
1/5/19 9:00,23.7,40.5,18,2.1,64
1/5/19 10:00,25.9,31.9,20,1.4,58
1/5/19 11:00,27.6,20.6,13,2.1,48
1/5/19 12:00,28.1,14,309,2.3,49
1/5/19 13:00,28.2,12.3,322,2,43
1/5/19 14:00,28.1,13.3,322,2.3,45
1/5/19 15:00,26.9,16.9,322,2.7,43
1/5/19 16:00,25.7,24.1,333,2.1,45
1/5/19 17:00,23.8,25.3,333,2.1,36
1/5/19 18:00,22.9,26.3,350,1.6,31
1/5/19 19:00,22.6,28.9,14,1.8,33
1/5/19 20:00,22.2,28.3,10,1.8,43
1/5/19 21:00,22.1,24.8,359,2,50
1/5/19 22:00,21.7,20.8,4,2,47
1/5/19 23:00,21.3,21.4,20,2.2,41
1/6/19 0:00,21.3,23.6,11,2.1,33
1/6/19 1:00,21.2,22.9,11,2.1,28
1/6/19 2:00,20.9,20.9,11,3,24
1/6/19 3:00,20.7,24.3,10,2.7,31
1/6/19 4:00,20.3,25.7,15,3.5,34
1/6/19 5:00,20.1,22.4,17,3.2,37
1/6/19 6:00,19.7,19,21,3.1,33
1/6/19 7:00,19.7,20.1,7,3.5,21
1/6/19 8:00,20,22.5,3,2.6,14
1/6/19 9:00,20.6,27.1,10,3.8,17
1/6/19 10:00,21.9,25.8,1,2.8,23
1/6/19 11:00,23.4,23.3,7,3.3,24
1/6/19 12:00,24.8,15.1,352,3.1,18
1/6/19 13:00,25.1,14.4,4,3.4,21
1/6/19 14:00,25.3,13.6,349,3.2,33
1/6/19 15:00,24.9,13.5,336,3.6,35
1/6/19 16:00,23.5,13.6,359,2.7,30
1/6/19 17:00,22,14.9,5,3,21
1/6/19 18:00,21.3,16.1,357,2.6,26
1/6/19 19:00,20.6,14.6,353,2,24
1/6/19 20:00,20.1,15.3,13,2.8,21
1/6/19 21:00,19.9,19.6,11,2.3,20
1/6/19 22:00,19.7,20.7,15,2.8,24
1/6/19 23:00,19.4,19.7,17,2.4,24
1/7/19 0:00,19.1,18.7,20,2.2,18
1/7/19 1:00,18.7,16.5,16,2.1,12
1/7/19 2:00,18.6,18,21,1.8,13
1/7/19 3:00,18.5,18.7,36,1.2,22
1/7/19 4:00,18.4,19.4,26,1.3,30
1/7/19 5:00,18.3,20.9,5,2.7,30
1/7/19 6:00,18.3,16.3,20,2,19
1/7/19 7:00,18.5,28.6,27,2.5,18
1/7/19 8:00,19.5,31.5,8,2.2,23
1/7/19 9:00,21.1,34.9,17,2.5,26
1/7/19 10:00,23.3,33.6,38,1.9,26
1/7/19 11:00,25.1,23.2,46,1.9,31
1/7/19 12:00,26.5,17.5,355,1.7,28
1/7/19 13:00,26.2,12.8,307,3.4,26
1/7/19 14:00,25.4,13,322,3.7,18
1/7/19 15:00,24.3,13.1#                          ,345,3.1,793#                           
1/7/19 16:00,23.8,16.1,343,2.9,26
1/7/19 17:00,22.7,23#                            ,342,2.6,26
1/7/19 18:00,21.7,21.6,349,3.1,21
1/7/19 19:00,20.9,15,357,2.5,22
1/7/19 20:00,20.1,13.7,21,2.4,19
1/7/19 21:00,19.9,16.9,6,2.6,23
1/7/19 22:00,19.9,14,15,2.3,30
1/7/19 23:00,20,14.2,8,2,35
1/8/19 0:00,19.9,14.9,355,2.6,39
1/8/19 1:00,19.8,14.6,2,2.4,39
1/8/19 2:00,19.7,13.8,6,2.8,41
1/8/19 3:00,19.7,13.3,17,2.4,39
1/8/19 4:00,19.8,12.5,12,2.3,35
1/8/19 5:00,19.8,11.3,9,3,32
1/8/19 6:00,19.7,11.7,17,3,37
1/8/19 7:00,19.9,16.9,26,2.5,38
1/8/19 8:00,20.3,20.7,35,2.8,35
1/8/19 9:00,21.4,21.4,29,2.7,36
1/8/19 10:00,23.2,21.8,43,2,745#                           
1/8/19 11:00,25.3,18.5#                          ,3,3.2,34
1/8/19 12:00,26.2,14.5,326,2.9,35
1/8/19 13:00,26,14.6,350,3,33
1/8/19 14:00,26.5,14.7,341,2.9,31
1/8/19 15:00,26.4,15.2,341,2.6,34
1/8/19 16:00,24.8,17,358,2.7,18
1/8/19 17:00,23.4,18.6,354,2.6,18
1/8/19 18:00,21.9,15.6,360,2.5,30
1/8/19 19:00,21.3,16.8,22,2.4,23
1/8/19 20:00,21,19.7,7,2.2,19
1/8/19 21:00,20.8,20.6,8,2.5,16
1/8/19 22:00,20.2,18.6,18,3.3,17
1/8/19 23:00,20.1,17.6,11,2.4,16
1/9/19 0:00,20,18.1,0,2.5,15
1/9/19 1:00,20,15.8,356,2.5,12
1/9/19 2:00,19.9,13.5,357,1.9,10
1/9/19 3:00,19.7,13.1,352,1.7,11
1/9/19 4:00,19.4,12.9,5,1.9,17
1/9/19 5:00,19,13,5,2,17
1/9/19 6:00,18.7,15.3,16,1.8,19
1/9/19 7:00,18.8,23.9,6,2.7,19
1/9/19 8:00,20,28.3,10,2.9,24
1/9/19 9:00,21.6,26.8,15,2.9,23
1/9/19 10:00,23.4,24.1,15,3,27
1/9/19 11:00,25.1,23.1,338,2.6,30
1/9/19 12:00,26.2,17.8,358,2.4,30
1/9/19 13:00,26.5,13.6,320,3.2,25
1/9/19 14:00,26.2,13.1,360,3.1,25
1/9/19 15:00,26,13.6,344,2.9,25
1/9/19 16:00,24.8,16.2,321,2.6,31
1/9/19 17:00,22.6,19.6,344,2.4,27
1/9/19 18:00,21.6,17.5,22,2.7,27
1/9/19 19:00,20.7,14.8,22,2.5,24
1/9/19 20:00,20.2,18,24,2.4,22
1/9/19 21:00,20.3,22.3,6,2.8,19
1/9/19 22:00,20.1,22.1,30,1.7,23
1/9/19 23:00,20.1,21,3,2.2,26
1/10/19 0:00,19.8,14.8,4,2,26
1/10/19 1:00,19.7,12.1,17,2.6,23
1/10/19 2:00,19.7,9.9,21,2.9,26
1/10/19 3:00,19.6,12.3,21,2.2,30
1/10/19 4:00,19.6,13.7,24,2.1,38
1/10/19 5:00,19.6,20.1,19,2.6,43
1/10/19 6:00,19.6,22.3,24,2.4,45
1/10/19 7:00,19.8,33.1,29,2,39
1/10/19 8:00,21,34.7,1,2.3,27
1/10/19 9:00,22.1,36.1,19,1.7,41
1/10/19 10:00,24.1,33.1,338,1.8,45
1/10/19 11:00,25.6,22.8,326,2.6,66
1/10/19 12:00,25.7,15,302,2.8,59
1/10/19 13:00,24.8,14,328,2.5,54
1/10/19 14:00,24.5,17.3,337,2,46
1/10/19 15:00,24.4,19.5,336,2.5,43
1/10/19 16:00,23.5,23,341,2.3,46
1/10/19 17:00,22.3,27.9,23,1.4,45
1/10/19 18:00,21.9,30.3,21,2.3,44
1/10/19 19:00,20.9,23.8,21,2.9,47
1/10/19 20:00,20.1,25.3,18,2.1,44
1/10/19 21:00,19.8,31.2,19,2.3,53
1/10/19 22:00,19.6,31.3,20,2.7,60
1/10/19 23:00,19.4,23.1,26,2.3,71
1/11/19 0:00,19.4,21.4,24,2,74
1/11/19 1:00,19.5,26.7,20,1.6,65
1/11/19 2:00,19.6,29.3,17,2.6,70
1/11/19 3:00,19.4,19.9,24,2,64
1/11/19 4:00,19.5,25.3,25,2,71
1/11/19 5:00,19.6,23,20,1.9,66
1/11/19 6:00,19.8,28.8,10,1.9,69
1/11/19 7:00,20.2,37.5,39,1.5,71
1/11/19 8:00,21.3,45.2,1,1.3,75
1/11/19 9:00,23.2,52.6,64,1.2,85
1/11/19 10:00,24.9,37.3,337,1.7,85
1/11/19 11:00,26.4,19.5,289,1.9,83
1/11/19 12:00,27.2,13.1,280,2.1,65
1/11/19 13:00,27.5,11.4,301,2.2,56
1/11/19 14:00,27.2,13.5,329,2.8,49
1/11/19 15:00,25.3,17.3,327,2.5,47
1/11/19 16:00,23.7,16.8,335,3,43
1/11/19 17:00,22.2,18.3,336,3.1,30
1/11/19 18:00,21,21.2,4,2.9,27
1/11/19 19:00,20.7,27.8,8,2.2,38
1/11/19 20:00,20.7,32.1,22,1.5,49
1/11/19 21:00,20.9,44.3,49,1.3,56
1/11/19 22:00,21.4,50.9,67,0.6,63
1/11/19 23:00,21.4,55.7,77,0.5,62
1/12/19 0:00,21.7,53.6,51,1.4,61
1/12/19 1:00,22.5,30.8,81,0.6,50
1/12/19 2:00,22.3,22,57,0.7,54
1/12/19 3:00,22,17.8,41,0.9,46
1/12/19 4:00,21.7,23.9,355,2,35
1/12/19 5:00,20.7,42.9,19,1.6,32
1/12/19 6:00,20.4,55.7,53,0.7,50
1/12/19 7:00,20.6,58.2,10,1.9,66
1/12/19 8:00,21.6,49.9#                          ,14,2.1,71
1/12/19 9:00,23.4,47.9,358,2.1,63
1/12/19 10:00,25.4,38.9,1,2.3,70
1/12/19 11:00,27.3,21.3,340,3.1,67
1/12/19 12:00,26.7,20.5,334,3.1,67
1/12/19 13:00,26.8,16.4,344,3.6,54
1/12/19 14:00,27.2,14.8,356,3.3,42
1/12/19 15:00,26.7,15.8,333,2.8,41
1/12/19 16:00,25.7,16.9,359,2.7,31
1/12/19 17:00,24.4,20.5,346,2.2,34
1/12/19 18:00,23.1,21.9,344,2.6,33
1/12/19 19:00,21.9,20.4,353,2.7,42
1/12/19 20:00,21,19.9,26,1.7,41
1/12/19 21:00,20.5,28.9,349,2.3,31
1/12/19 22:00,20.2,29.4,19,2.7,26
1/12/19 23:00,20.1,31.2,13,1.4,18
1/13/19 0:00,20,36.2,14,1.2,25
1/13/19 1:00,19.9,34.5,337,2.3,22
1/13/19 2:00,19.2,26.2,18,2.9,21
1/13/19 3:00,19.1,18.4,21,2.9,14
1/13/19 4:00,19.2,16.5,20,2,15
1/13/19 5:00,19.2,22.3,19,2.6,17
1/13/19 6:00,19,20.4,9,3.2,16
1/13/19 7:00,18.9,16.1,5,4.2,14
1/13/19 8:00,19.7,20.4,5,3.6,13
1/13/19 9:00,21.1,21.4,13,3.4,14
1/13/19 10:00,23.2,20.8,338,2.4,24
1/13/19 11:00,25.2,15.2,348,2.7,37
1/13/19 12:00,26.3,12.6,328,3,38
1/13/19 13:00,26.4,12.2,350,2.8,31
1/13/19 14:00,25.5,11.2,334,3.5,25
1/13/19 15:00,24.6,12.9,358,3.5,26
1/13/19 16:00,23.4,11.9,353,3.3,23
1/13/19 17:00,21.7,11.4,21,2.6,20
1/13/19 18:00,20.6,14.4,12,2.3,21
1/13/19 19:00,20.1,16.2,7,3,24
1/13/19 20:00,19.8,18.7,6,2.5,31
1/13/19 21:00,19.3,20.7,13,2.7,36
1/13/19 22:00,18.9,20.4,11,2.8,30
1/13/19 23:00,18.9,19.7,26,2.6,24
1/14/19 0:00,18.7,18.1,24,2.2,15
1/14/19 1:00,18.6,17.3,10,3.5,18
1/14/19 2:00,18.6,14.8,13,3,14
1/14/19 3:00,18.6,15.2,26,2.4,19
1/14/19 4:00,18.6,17.4,5,3,17
1/14/19 5:00,18.4,16.3,18,3.1,19
1/14/19 6:00,18.3,17.1,24,3.2,12
1/14/19 7:00,18.3,23.2,21,2.5,11
1/14/19 8:00,19.5,26.3,26,2.6,15
1/14/19 9:00,21.4,31.5,17,2.1,21
1/14/19 10:00,23.4,29,20,2,27
1/14/19 11:00,24.9,19.4,345,2.1,27#                            
1/14/19 12:00,25.9,14.4,310,1.8,30#                            
1/14/19 13:00,25.6,10.9#                          ,285,2.3,30
1/14/19 14:00,25.6,12.5,295,2,26
1/14/19 15:00,24.9,14.5,354,2.6,27
1/14/19 16:00,23.7,16.4,353,2.9,30
1/14/19 17:00,22.3,16.1,14,2.8,32
1/14/19 18:00,21,16.5,10,3,25
1/14/19 19:00,20.3,17.2,10,2.6,27
1/14/19 20:00,19.8,17.9,9,2.1,32
1/14/19 21:00,19.6,22.8,8,2,37
1/14/19 22:00,19.6,23.6,24,2.2,33
1/14/19 23:00,19.4,19.9,20,2.3,27
1/15/19 0:00,19.2,13.7,23,2.7,30
1/15/19 1:00,19.1,13,19,2.4,24
1/15/19 2:00,18.9,12.1,9,2.8,31
1/15/19 3:00,18.6,11.7,7,2.6,26
1/15/19 4:00,18.5,15.2,13,2.5,47
1/15/19 5:00,18.4,16.3,21,2.5,59
1/15/19 6:00,18.4,18.2,25,2,73
1/15/19 7:00,18.7,24.8,14,2.6,72
1/15/19 8:00,19.5,31,16,2.1,66
1/15/19 9:00,21.4,32.6,9,1.7,59
1/15/19 10:00,23.5,30.9,358,1.6,61
1/15/19 11:00,25,23.6,44,1.4,65
1/15/19 12:00,25.8,17.6,298,2.4,75
1/15/19 13:00,26,16.7,306,2.4,71
1/15/19 14:00,25.5,18.3,319,2.4,65
1/15/19 15:00,24.2,20.3,322,2.7,50
1/15/19 16:00,22.5,19.5,334,3.6,48
1/15/19 17:00,21.2,19.1,9,3.5,45
1/15/19 18:00,20,16.3,19,3.5,51
1/15/19 19:00,19.7,19,4,3.4,67
1/15/19 20:00,19.6,21.2,13,2.9,73
1/15/19 21:00,19.7,22,21,2.8,72
1/15/19 22:00,19.5,19.3,6,2.7,57
1/15/19 23:00,19.5,17,15,2.4,52
1/16/19 0:00,19.2,13.7,23,2.6,39
1/16/19 1:00,19,12.9,19,1.9,34
1/16/19 2:00,18.8,12.7,8,2.5,37
1/16/19 3:00,18.7,10.4,4,2.1,37
1/16/19 4:00,18.3,9.9,356,3.1,40
1/16/19 5:00,18,9.7,12,2.8,30
1/16/19 6:00,17.9,13.1,7,2.7,26
1/16/19 7:00,17.4,16.3,14,2.8,20
1/16/19 8:00,17.7,23.1,8,3.1,27
1/16/19 9:00,18.1,23.7,9,2.6,30
1/16/19 10:00,18.4,22.1,359,2.3,27
1/16/19 11:00,19.3,21.1,356,3.3,22
1/16/19 12:00,20.3,17.6,7,2.4,19
1/16/19 13:00,20.6,19.4,1,2.7,21
1/16/19 14:00,20.2,17.9,8,3.6,22
1/16/19 15:00,19.7,19.2,357,4.5,28
1/16/19 16:00,18.7,20.5,18,3.5,31
1/16/19 17:00,18.1,25.8,24,2.8,32
1/16/19 18:00,18,26.2,19,3.6,27
1/16/19 19:00,17.9,24.1,23,2.4,26
1/16/19 20:00,18.1,23.1,17,3.2,31
1/16/19 21:00,17.6,17.6,22,2.2,28
1/16/19 22:00,17.6,16.6,0,3.5,26
1/16/19 23:00,17.5,14.6,17,3.4,16
1/17/19 0:00,17.6,11.9,11,3.3,22
1/17/19 1:00,17.4,13.4,23,2.8,20
1/17/19 2:00,17.1,11.4,36,3.3,21
1/17/19 3:00,17,11.1,3,4.3,11
1/17/19 4:00,16.7,9.5,353,3.2,6
1/17/19 5:00,16.1,9.3,22,2.9,10
1/17/19 6:00,15.9,13.3,20,2.6,17
1/17/19 7:00,16,21.1,16,3.2,23
1/17/19 8:00,16.2,20.2,21,3.5,16
1/17/19 9:00,17,21.2,17,4.2,24
1/17/19 10:00,18.4,19.3,1,3.8,20
1/17/19 11:00,19.8,18.3,14,4.1,25
1/17/19 12:00,20.2,16.6,354,4.4,19
1/17/19 13:00,21.1,17.4,14,3.8,33
1/17/19 14:00,21.5,16.2,13,4.1,30
1/17/19 15:00,21.2,17.3,10,4,28
1/17/19 16:00,20.4,20.9,7,3.8,31
1/17/19 17:00,18.4,20.9,10,3.2,35
1/17/19 18:00,17.3,22,13,3.5,38
1/17/19 19:00,16.7,21,7,3.2,30
1/17/19 20:00,16.3,19.2,7,3.2,27
1/17/19 21:00,15.9,18.4,12,3,32
1/17/19 22:00,15.5,16.9,12,2.8,38
1/17/19 23:00,15.3,15.2,2,2,41
1/18/19 0:00,15.4,15.1,2,2.5,34
1/18/19 1:00,15.4,14.2,7,2.1,27
1/18/19 2:00,15.4,13.4,7,2.2,31
1/18/19 3:00,15.3,12.3,13,1.8,37
1/18/19 4:00,15.2,13.5,331,1.1,36
1/18/19 5:00,15,14.4,342,1.5,38
1/18/19 6:00,15,14.8,338,1.4,35
1/18/19 7:00,15.1,20.5,28,1.1,45
1/18/19 8:00,16.1,32.8,40,1.1,44
1/18/19 9:00,18.2,33.1,268,1.4,51
1/18/19 10:00,19.8,29,344,1.6,49
1/18/19 11:00,21.2,16,312,2.1,49
1/18/19 12:00,22,12.8,295#                           ,1.6#                           ,1#                             
1/18/19 13:00,22.9,14.3,299,2.5,34
1/18/19 14:00,23,16.8,301,2.5,24
1/18/19 15:00,22.7,15.3,302,2.5,23
1/18/19 16:00,21.4,17.5,340,2.9,20
1/18/19 17:00,19.6,16.2,340,2.2,27
1/18/19 18:00,18.4,16,353,2.2,27
1/18/19 19:00,17.9,20.1,21,1.9,37
1/18/19 20:00,17.7,23.1,13,1.8,33
1/18/19 21:00,17.2,20.1,0,2.5,37
1/18/19 22:00,16.7,16.3,9,2.1,33
1/18/19 23:00,16.6,16.1,29,2.2,40
1/19/19 0:00,16.5,19.4,30,1.7,46
1/19/19 1:00,16.5,20.8,358,1.9,51
1/19/19 2:00,16.4,16.6,2,2.1,60
1/19/19 3:00,16.3,12.4,23,2,52
1/19/19 4:00,16.3,9.9,31,3,52
1/19/19 5:00,16.2,12.1,14,2.7,42
1/19/19 6:00,16.4,16.5,24,2.6,44
1/19/19 7:00,16.6,22.8,36,1.9,47
1/19/19 8:00,17.8,29.4,6,2.2,61
1/19/19 9:00,19.5,25.7,354,1.9,67
1/19/19 10:00,20.8,21.9,6,1.5,67
1/19/19 11:00,21.9,18.9,347,2.8,60
1/19/19 12:00,22.4,18.8,1,2.3,58
1/19/19 13:00,23,18.2,360,3.4,50
1/19/19 14:00,23,16.6,5,3.3,42
1/19/19 15:00,22.8,15.5,351,2.6,34
1/19/19 16:00,22.6,16.1,16,2.3,27
1/19/19 17:00,22,23.7,19,2,25
1/19/19 18:00,21.5,31.2,45,1,35
1/19/19 19:00,21.5,37.9,53,1,43
1/19/19 20:00,21.5,31.5,33,0.8,45
1/19/19 21:00,20.8,38,70,0.6,43
1/19/19 22:00,20.4,26.3,157,1.1,51
1/19/19 23:00,20.1,14.6,157,1.3,60
1/20/19 0:00,20,18.6,113,1.4,58
1/20/19 1:00,19.9,11.8,175,0.5,61
1/20/19 2:00,19.8,10.3,156,0.8,51
1/20/19 3:00,20,23.6,88,0.6,46
1/20/19 4:00,20.1,19.5,353,1.6,30
1/20/19 5:00,19.8,21.2,23,1.3,40
1/20/19 6:00,19.6,28.7,12,1.3,57
1/20/19 7:00,19.1,25.8,69,1.3,77
1/20/19 8:00,20,33.6,88,1.2,91
1/20/19 9:00,21,34,314,2,100
1/20/19 10:00,21.4,28.5,340,2.4,108
1/20/19 11:00,22.7,21.9,34,2.3,95
1/20/19 12:00,22.9,20.7,10,2.4,91
1/20/19 13:00,23.3,18.3,346,2.6,74
1/20/19 14:00,23.7,19.4,358,4.1,73
1/20/19 15:00,24.3,12.8,353,2.7,52
1/20/19 16:00,23,15.7,349,2.5,41
1/20/19 17:00,22.1,20.4,0,2.6,47
1/20/19 18:00,21,20.7,351,3,56
1/20/19 19:00,19.3,20,6,3.8,72
1/20/19 20:00,18.8,23.5,1,3,70
1/20/19 21:00,18.4,23.4,22,2.5,76
1/20/19 22:00,18.2,23.6,11,2.2,74
1/20/19 23:00,18.1,20.3,14,3.1,76
1/21/19 0:00,18,18,18,3.1,71
1/21/19 1:00,17.7,15.7,11,3.4,68
1/21/19 2:00,17.3,11.4,358,3.7,51
1/21/19 3:00,16.7,11.5,16,3.7,42
1/21/19 4:00,16.2,13.1,10,3.7,30
1/21/19 5:00,15.7,10.4,7,4.5,30
1/21/19 6:00,15.6,10.6,8,3.4,25
1/21/19 7:00,15.4,14.1,1,3.3,24
1/21/19 8:00,15.1,16.2,11,3.9,21
1/21/19 9:00,15.3,19.5,19,2.9,17
1/21/19 10:00,15.9,26.2,27,2.5,20
1/21/19 11:00,16.8,26.2#                          ,24,3.4,785#                           
1/21/19 12:00,17.9,21.8,1,3.1,33#                            
1/21/19 13:00,18,21.2,24,3,34
1/21/19 14:00,19.4,22.6,3,3.1,30
1/21/19 15:00,19.7,21.7,2,3.6,32
1/21/19 16:00,18.9,16.5,9,3.3,27
1/21/19 17:00,17.2,15.2,14,3.6,30
1/21/19 18:00,16.2,17.2,5,3.6,33
1/21/19 19:00,15.7,17.4,9,3.2,28
1/21/19 20:00,15.6,18.2,22,3.3,30
1/21/19 21:00,15.7,19.3,6,2.9,26
1/21/19 22:00,15.7,15.8,12,4.5,30
1/21/19 23:00,15.5,13.3,12,3.2,24
1/22/19 0:00,15.4,13.9,359,3,16
1/22/19 1:00,15.6,10.5,7,4.1,19
1/22/19 2:00,15.6,10,15,3.7,25
1/22/19 3:00,15.5,11.3,16,2.7,28
1/22/19 4:00,15.4,8.8,9,2.1,22
1/22/19 5:00,15.2,9.9,3,2.7,24
1/22/19 6:00,14.9,10.7,357,3.2,32
1/22/19 7:00,15,14.4,11,3.2,30
1/22/19 8:00,16,19.8,10,3.6,28
1/22/19 9:00,17.3,18.7,360,3.5,17
1/22/19 10:00,18.3,15.2,13,3.8,22
1/22/19 11:00,18.4,17.8,360,4.5,16
1/22/19 12:00,18.6,16.7,360,4.4,15
1/22/19 13:00,19.3,14.6,5,4.1,32
1/22/19 14:00,19.8,13.9,9,4.5,32
1/22/19 15:00,19.1,14.4,16,4.2,40
1/22/19 16:00,18.4,19.8,19,4,39
1/22/19 17:00,17.2,23.8,5,3.2,42
1/22/19 18:00,16.2,24.6,6,3.7,44
1/22/19 19:00,15.4,22.4,1,3.4,42
1/22/19 20:00,14.9,23.1,11,4.1,40
1/22/19 21:00,14.3,29.8,8,3.7,40
1/22/19 22:00,13.9,23.6,8,3.4,44
1/22/19 23:00,13.6,19.6,3,3,46
1/23/19 0:00,13.5,18.2,13,2.9,44
1/23/19 1:00,13.3,15.2,12,3.1,43
1/23/19 2:00,13,17.7,26,2.3,45
1/23/19 3:00,12.6,21.4,17,2.6,44
1/23/19 4:00,12.3,16.5,14,2.8,47
1/23/19 5:00,12.1,15.3,28,2.8,41
1/23/19 6:00,12,20.7,26,2.2,35
1/23/19 7:00,12.6,27.1,12,2.5,34
1/23/19 8:00,14,36.3,17,2.3,39
1/23/19 9:00,16.1,32.5,16,2.4,48
1/23/19 10:00,18.4,20.7,355,2.8,44
1/23/19 11:00,20.4,18.3,355,2.6,41
1/23/19 12:00,21.7,16.3,336,2.8,33
1/23/19 13:00,22,15.6,306,3,33
1/23/19 14:00,21.5,15.1,326,3.6,34
1/23/19 15:00,21,16,333,2.7,39
1/23/19 16:00,20,19.1,336,3.1,41
1/23/19 17:00,18.9,20.5,351,2,43
1/23/19 18:00,18.4,20.2,13,2.6,46
1/23/19 19:00,17.5,18.3,12,1.9,50
1/23/19 20:00,16.9,17,21,2.1,50
1/23/19 21:00,16.4,15.5,16,2.1,46
1/23/19 22:00,16.2,15.1,34,1.6,42
1/23/19 23:00,15.9,17.6,26,1.4,46
1/24/19 0:00,15.6,17.5,355,2.4,46
1/24/19 1:00,15.5,15.5,19,1.9,51
1/24/19 2:00,15.2,17.9,16,2.5,48
1/24/19 3:00,15,20,10,1.9,50
1/24/19 4:00,14.9,32.4,15,1.8,53
1/24/19 5:00,14.6,38.9,22,2.4,60
1/24/19 6:00,14.4,41.9,22,2.2,70
1/24/19 7:00,14.5,50.1,12,2.5,69
1/24/19 8:00,16.1,58.1,5,2.7,75
1/24/19 9:00,18.1,49.2,42,1.4,75
1/24/19 10:00,20.3,43.3,10,2.8,89
1/24/19 11:00,22.2,28,353,2.4,78
1/24/19 12:00,23.6,14.3,339,2.5,58
1/24/19 13:00,24.2,14.5,315,2.8,38
1/24/19 14:00,23.3,16.4,309,2.8,35
1/24/19 15:00,22.7,17.2,347,2.4,44
1/24/19 16:00,22,18.7,337,2.9,43
1/24/19 17:00,20.6,22.2,358,2.2,41
1/24/19 18:00,19.5,24.2,354,2.2,35
1/24/19 19:00,18.4,21.2,12,2.6,45
1/24/19 20:00,17.5,22,1,1.8,44
1/24/19 21:00,17,22.3,13,2.7,53
1/24/19 22:00,16.5,20.5,16,1.7,44
1/24/19 23:00,16.3,19.3,15,2.4,44
1/25/19 0:00,15.9,19.6,10,2,34
1/25/19 1:00,15.7,12.3,26,2.1,35
1/25/19 2:00,15.5,21.8,17,2,44
1/25/19 3:00,15.3,23,18,2.2,58
1/25/19 4:00,15.1,24.9,16,2.5,161*                           
1/25/19 5:00,14.8,26.2,20,1.9,157x                           
1/25/19 6:00,14.7,34.2,11,1.6,155x                           
1/25/19 7:00,15,40.6,25,2.2,62
1/25/19 8:00,16.2,49.8,4,2.7,70
1/25/19 9:00,19.2,42.4,16,1.7,73
1/25/19 10:00,22.1,37.5,16,2.2,76
1/25/19 11:00,23.9,25.4,342,2.8,66
1/25/19 12:00,24.8,16.5,349,2.9,61
1/25/19 13:00,24.9,16.3,333,3.4,56
1/25/19 14:00,24.6,14.6,332,3.5,47
1/25/19 15:00,23.4,18.1,360,3.2,51
1/25/19 16:00,21.9,21.8,342,3,44
1/25/19 17:00,20,26.4,3,2.7,60
1/25/19 18:00,18.9,21,13,3.7,60
1/25/19 19:00,18,21.7,5,3.3,64
1/25/19 20:00,17.3,22.7,8,3.1,67
1/25/19 21:00,16.7,27.4,33,1.6,77
1/25/19 22:00,16.3,29,30,2.4,96
1/25/19 23:00,16,23.9,20,2.4,93
1/26/19 0:00,15.7,24.3,17,2.4,95
1/26/19 1:00,15.5,17.9,13,2.8,79
1/26/19 2:00,15.3,17.9,26,2.9,78
1/26/19 3:00,15,16.5,11,2.7,66
1/26/19 4:00,14.8,16.5,14,3.5,89
1/26/19 5:00,14.6,13.2,15,3,91
1/26/19 6:00,14.5,18.5,21,2.7,98x                            
1/26/19 7:00,14.6,25.1,17,2.6,78
1/26/19 8:00,15.4,26.9,10,2.7,72
1/26/19 9:00,16.8,23.9,27,3.3,47
1/26/19 10:00,18.8,24.2,1,3.3,33
1/26/19 11:00,20.5,18.3,360,3.9,27
1/26/19 12:00,21.3,16.9,353,3.7,28
1/26/19 13:00,21.4,14.5,347,4,30
1/26/19 14:00,20.3,12.4,358,3.2,31
1/26/19 15:00,19.5,12.4,351,3.4,43
1/26/19 16:00,18.4,13.7,17,3.5,42
1/26/19 17:00,17.2,16,11,3.6,38
1/26/19 18:00,16.2,17.3,12,3.5,24
1/26/19 19:00,15.6,19.1,12,3.4,35
1/26/19 20:00,15.4,21,14,3.4,33
1/26/19 21:00,15.1,19,15,3.1,45
1/26/19 22:00,14.8,15.7,10,3.2,28
1/26/19 23:00,14.6,13.6,15,3.1,20
1/27/19 0:00,14.4,12.8,11,3.6,4
1/27/19 1:00,14.5,11.6,5,3.8,7
1/27/19 2:00,14.4,10.7,11,3.8,7
1/27/19 3:00,14.4,10.7,28,2.8,5
1/27/19 4:00,14.4,10.6,21,3.1,4
1/27/19 5:00,14.4,11.4,12,3.6,7
1/27/19 6:00,14.4,13.3,25,2.5,25
1/27/19 7:00,14.6,14.4,25,2.7,26
1/27/19 8:00,15.2,17.2,11,2.7,23
1/27/19 9:00,16.1,16.7,11,2.5,11
1/27/19 10:00,17.6,16.4,14,2.4,12
1/27/19 11:00,19,19.6,349,2.1,15
1/27/19 12:00,19.9,15.5,3,2.2,18
1/27/19 13:00,20.7,11,344,2.2,23
1/27/19 14:00,21.8,11.4,351,2.8,30
1/27/19 15:00,21.5,10.9,348,2.4,27
1/27/19 16:00,20.5,13,4,2.2,25
1/27/19 17:00,19,14.3,349,2.3,21
1/27/19 18:00,18.2,16.9,13,2.5,30
1/27/19 19:00,17.2,17.4,6,2.3,30
1/27/19 20:00,16.3,17,24,1.9,31
1/27/19 21:00,16.1,24.4,17,1.7,25
1/27/19 22:00,15.8,25.1,33,1.2,24
1/27/19 23:00,15.5,24.6,21,1.6,25
1/28/19 0:00,15.2,26.8,10,1.9,26
1/28/19 1:00,14.9,25.5,34,1.8,25
1/28/19 2:00,14.7,24.6,23,2.1,26
1/28/19 3:00,14.5,28,31,1.5,27
1/28/19 4:00,14.4,26.7,11,2,27
1/28/19 5:00,14.3,33.4,27,1.3,30
1/28/19 6:00,14.1,40.7,18,1.6,28
1/28/19 7:00,14.5,42.4,26,1.8,38
1/28/19 8:00,16.4,52,27,2.2,37
1/28/19 9:00,18.4,51.1,25,1.9,44
1/28/19 10:00,20.3,28,21,1.8,43
1/28/19 11:00,22.3,19.3,278,2.1,49
1/28/19 12:00,23.7,12.8,334,2.1,42
1/28/19 13:00,24.1,12.3,282,1.9,37
1/28/19 14:00,24,12.1,281,2.3,27
1/28/19 15:00,23.6,14.2,313,2,31
1/28/19 16:00,22.5,16.7,338,2.6,28
1/28/19 17:00,20.6,19.2,351,2,28
1/28/19 18:00,19.3,25.1,9,1.7,26
1/28/19 19:00,18.7,32.3,9,2.1,23
1/28/19 20:00,18.1,29.5,26,1.9,24
1/28/19 21:00,17.4,33.3,29,1.8,34
1/28/19 22:00,16.9,35.7,20,1.6,36
1/28/19 23:00,16.6,36.6,16,1.4,41
1/29/19 0:00,16.3,41.5,17,1.7,36
1/29/19 1:00,16,38.6#                          ,17,1.6,48
1/29/19 2:00,15.9,42.2,17,1.7,57
1/29/19 3:00,15.4,39.1,18,1.8,62
1/29/19 4:00,15.3,40.2,18,1.8,54
1/29/19 5:00,15.4,52.9,18,1.7,45
1/29/19 6:00,15.4,57.5,18,1.7,47
1/29/19 7:00,15.1,52.2,17,1.8,57
1/29/19 8:00,16.6,58.8,17,1.9,61
1/29/19 9:00,18.8,49.9,24,2.2,58
1/29/19 10:00,21.4,37.6,329,2.2,49
1/29/19 11:00,23.7,22,12,2.1,45
1/29/19 12:00,25.2,14.7,6,1.8,39
1/29/19 13:00,25.1,15.3,282,2.9,43
1/29/19 14:00,24.1,15.5,316,3.7,33
1/29/19 15:00,23.2,15.7,332,2.8,37
1/29/19 16:00,22.3,17.4,338,2.8,26
1/29/19 17:00,21,21.9,353,2.2,36
1/29/19 18:00,19.7,25.2,347,1.5,35
1/29/19 19:00,18.7,23.8,4,2.4,31
1/29/19 20:00,17.9,18.1,5,2.4,31
1/29/19 21:00,17.2,19.9,15,1.9,31
1/29/19 22:00,16.9,22.8,15,2.2,40
1/29/19 23:00,16.5,23.7,31,1.4,42
1/30/19 0:00,16.3,23.8,19,1.8,43
1/30/19 1:00,16.3,28.4,2,1.1,50
1/30/19 2:00,16.2,30.7,32,1.4,56
1/30/19 3:00,15.9,30.5,11,1.6,62
1/30/19 4:00,15.6,26.3,28,1.7,65
1/30/19 5:00,15.1,24.4,20,2,67
1/30/19 6:00,14.9,22.3,27,2.2,63
1/30/19 7:00,15.3,27.9,24,2.1,52
1/30/19 8:00,15.9,37.3,19,2.1,54
1/30/19 9:00,17.4,42.3,15,2.6,71
1/30/19 10:00,20.4,36.3,14,2.4,85
1/30/19 11:00,23.8,28.2,343,2.2,76
1/30/19 12:00,25.9,16.5,347,2.8,61
1/30/19 13:00,26.8,12.4,308,3.3,43
1/30/19 14:00,26.3,15.8,312,3.1,47
1/30/19 15:00,25.4,18.6,339,3.2,45
1/30/19 16:00,24.6,19.2,339,1.9,51
1/30/19 17:00,23.4,26.7,340,1.8,40
1/30/19 18:00,22.2,36.2,4,1.3,37
1/30/19 19:00,21.6,47.2,22,1.4,38
1/30/19 20:00,21.6,47.6,70,0.7,46
1/30/19 21:00,21.4,64.6,59,0.7,58
1/30/19 22:00,21.3,73.1,100,1,61
1/30/19 23:00,21.3,42.1,135,1.3,62
1/31/19 0:00,21.3,28.5,121,0.7,59
1/31/19 1:00,20.9,27.6,93,0.6,51
1/31/19 2:00,20.7,27.6,117,0.9,46
1/31/19 3:00,20.8,21.1,79,1,42
1/31/19 4:00,21,18.4,54,0.8,42
1/31/19 5:00,20.7,19.7,53,0.8,47
1/31/19 6:00,20.7,24.1,58,0.9,36
1/31/19 7:00,21.1,32.7,45,1.7,32
1/31/19 8:00,22.3,36.3,88,1.2,28
1/31/19 9:00,24.8,36.4,38,1.6,27
1/31/19 10:00,26.3,24.6,319,3.3,36
1/31/19 11:00,25.7,19.2,334,2.1,34
1/31/19 12:00,26.7,16.5,328,2.4,42
1/31/19 13:00,27.6,13.3,309,4,43
1/31/19 14:00,27.6,12.9,305,3.6,43#                            
1/31/19 15:00,27.2,13.7,320,3.4,27#                            
1/31/19 16:00,25.9,16.9,325,3.1,22
1/31/19 17:00,24.6,15.1,357,2.1,17
1/31/19 18:00,23.6,19.7,5,2.3,30
1/31/19 19:00,23.2,22.4,16,1.8,25
1/31/19 20:00,22.9,24.3,6,3,22
1/31/19 21:00,22.4,18.1,12,3,25
1/31/19 22:00,21.7,18.2,13,2.3,34
1/31/19 23:00,21.1,17.1,18,2.8,32
2/1/19 0:00,20.2,14.6,10,2.8,32
2/1/19 1:00,18.7,16,17,3.1,31
2/1/19 2:00,17.7,16.8,6,3.7,31
2/1/19 3:00,17,15.8,13,2.8,23
2/1/19 4:00,16.6,13.4,8,3.5,16
2/1/19 5:00,16.2,13.2,6,3.5,19
2/1/19 6:00,15.9,14.1,13,2.5,15
2/1/19 7:00,16,15.1,18,3.5,15
2/1/19 8:00,16.8,16.6,5,2.4,8
2/1/19 9:00,18,16,25,4.2,12
2/1/19 10:00,19.2,17.3,2,3.2,14
2/1/19 11:00,19.9,19.1,7,4.3,15
2/1/19 12:00,20.8,19.8,9,4,20
2/1/19 13:00,21.1,19.3,349,3.3,21
2/1/19 14:00,21.9,19,1,3.4,27
2/1/19 15:00,22.1,19.3,28,2.2,30
2/1/19 16:00,21.6,21,350,1.7,36
2/1/19 17:00,20.9,24.9,345,2.2,40
2/1/19 18:00,19.9,26.6,353,2.4,39
2/1/19 19:00,19.3,24.5,19,2.5,44
2/1/19 20:00,18.9,23.2,14,2.1,38
2/1/19 21:00,18.4,30,12,1.9,37
2/1/19 22:00,18,29.1,22,2,28
2/1/19 23:00,17.7,27.2,15,1.8,32
2/2/19 0:00,17.5,29,13,1.2,32
2/2/19 1:00,17.4,32.2,29,2,35
2/2/19 2:00,17.1,33.2,27,2.4,36
2/2/19 3:00,16.8,32.2,16,2.5,37
2/2/19 4:00,16.4,30.3,15,2.4,28
2/2/19 5:00,16.4,33.1,18,1.6,33
2/2/19 6:00,16.4,38.7,10,1.9,39
2/2/19 7:00,16.7,35.3,7,2.4,44
2/2/19 8:00,18,36.3,11,1.5,41
2/2/19 9:00,20.3,40,20,2.1,41
2/2/19 10:00,22.1,29.7,13,1.5,53
2/2/19 11:00,23.9,22.3,288,2.1,64
2/2/19 12:00,24.8,12.8,260,1.9,60
2/2/19 13:00,25.6,11.6,274,2.4,51
2/2/19 14:00,25.5,12.2,272,3.2,36
2/2/19 15:00,24.4,11.3,267,3.2,32
2/2/19 16:00,23.1,11.5,325,2,30
2/2/19 17:00,22,15.1,337,1.9,37
2/2/19 18:00,21.2,19.3,12,1.7,37
2/2/19 19:00,20.6,20.7,33,1.5,41
2/2/19 20:00,20.4,29.9,34,1.5,47
2/2/19 21:00,20.3,33.1,49,1,56
2/2/19 22:00,20.2,38.1,18,1.5,64
2/2/19 23:00,19.6,29.5,35,1.6,73
2/3/19 0:00,19.3,31.1,61,1,72
2/3/19 1:00,19.3,27.8,45,0.8,73
2/3/19 2:00,19.3,26.6,88,0.6,66
2/3/19 3:00,19.2,22.6,87,1,75
2/3/19 4:00,19.1,15.8,88,1.2,66
2/3/19 5:00,19.1,14.5,46,1.1,60
2/3/19 6:00,19.1,20.1,97,1.1,45
2/3/19 7:00,19.9,19.1,98,0.8,42
2/3/19 8:00,21.9,24.8,97,1.8,36
2/3/19 9:00,25.8,17.8,153,1.7,34
2/3/19 10:00,28.4,9.1,174,3.3,21
2/3/19 11:00,29.2,10.3,190,2.9,17
2/3/19 12:00,28.9,11.8,213,3.8,9
2/3/19 13:00,27.1,10.6,208,3.6,10
2/3/19 14:00,25.8,8.3,189,2.6,10
2/3/19 15:00,23.4,10.9,192,0.8,9
2/3/19 16:00,25.1,13.1,192,1.1,14
2/3/19 17:00,25.1,10.6,198,1.6,13
2/3/19 18:00,24.3,14.9,196,1.5,19
2/3/19 19:00,23.9,18.9,183,0.9,9
2/3/19 20:00,23.6,24.9,173,0.8,12
2/3/19 21:00,23.6,27.5,148,1,7
2/3/19 22:00,23.3,28.8,133,1.4,14
2/3/19 23:00,23.1,24.7,147,1,11
2/4/19 0:00,22.9,17.5,136,0.5,9
2/4/19 1:00,22.7,20.3,37,0.8,1
2/4/19 2:00,22.6,18.2,52,1,1
2/4/19 3:00,22.6,16.3,23,0.8,7
2/4/19 4:00,22.4,19.1,25,1.1,8
2/4/19 5:00,22.2,15.9,55,1,18
2/4/19 6:00,22.3,19.2,43,1.2,18
2/4/19 7:00,22.6,25.8,34,1.9,26
2/4/19 8:00,23.2,19.7,31,1.6,27
2/4/19 9:00,24.7,16.2,5,1.8,26
2/4/19 10:00,26.4,9.7,338,3.5,26
2/4/19 11:00,25.5,12.9,4,3.2,35
2/4/19 12:00,26.6,9.7,335,3,40
2/4/19 13:00,26.6,9.3,346,3,46
2/4/19 14:00,25.3,9.5,336,2.8,35
2/4/19 15:00,23.5,11.1,344,2.4,28
2/4/19 16:00,23,12.6,355,2.8,35
2/4/19 17:00,22.4,12.4,7,3,39
2/4/19 18:00,21.5,9.9,5,2.7,44
2/4/19 19:00,20.8,9.9,7,2.6,33
2/4/19 20:00,20.5,10.8,356,1.8,33
2/4/19 21:00,20,10.8,4,3.2,31
2/4/19 22:00,19.8,9.2,12,3.2,33
2/4/19 23:00,19.6,12.2,22,2.2,34
2/5/19 0:00,19.5,13.9,9,1.9,42
2/5/19 1:00,19.3,16.4,8,2.5,49
2/5/19 2:00,19,16.4,3,2.7,53
2/5/19 3:00,19,15.7,359,2.5,45
2/5/19 4:00,19,16.5,13,3.8,42
2/5/19 5:00,18.8,17.4,13,3.8,35
2/5/19 6:00,18.8,17,13,3.7,40
2/5/19 7:00,18.9,14.2,28,3,41
2/5/19 8:00,19.3,15.1,21,2.9,42
2/5/19 9:00,20.1,15.9,29,2.9,43
2/5/19 10:00,21.2,13.9,26,2.9,42
2/5/19 11:00,22.7,12.7,39,2.3,41
2/5/19 12:00,24.3,11,24,1.7,31
2/5/19 13:00,25,11.6,2,1.4,22
2/5/19 14:00,25.5,11.9,118,0.9,30
2/5/19 15:00,25.5,12.6,305,2.5,31
2/5/19 16:00,23.2,13.5,341,3.4,32
2/5/19 17:00,22.4,10.2,1,2.6,26
2/5/19 18:00,21.8,11.9,28,1.8,27
2/5/19 19:00,21.3,15,1,2.2,31
2/5/19 20:00,20.9,13.7,357,3.2,25
2/5/19 21:00,20.2,15.1,24,2.7,34
2/5/19 22:00,19.8,14.9,4,1.7,36
2/5/19 23:00,19.7,14.3,13,2.6,46
2/6/19 0:00,19.4,13.6,50,1.8,42
2/6/19 1:00,19.3,12.4,27,1.6,46
2/6/19 2:00,19,12.3,20,1.6,42
2/6/19 3:00,18.8,14,23,1.2,41
2/6/19 4:00,18.6,14.2,331,0.6,40
2/6/19 5:00,18.4,12.8,6,1.4,38
2/6/19 6:00,18.6,14.2,34,1.4,38
2/6/19 7:00,19.1,16.1,56,1.4,40
2/6/19 8:00,20.5,19.7,78,1.4,42
2/6/19 9:00,22.3,16.7,358,2.5,45
2/6/19 10:00,24.2,15.1,330,2.2,45
2/6/19 11:00,25.7,11.1,319,2.4,41
2/6/19 12:00,26.4,9.2,274,2.9,38
2/6/19 13:00,26.5,8,265,2.8,32
2/6/19 14:00,26,7.4,279,2.6,33
2/6/19 15:00,25.8,7.9,273,2.4,31
2/6/19 16:00,25.1,8,290,1.9,36
2/6/19 17:00,24.1,9.6,324,1.7,35
2/6/19 18:00,23.5,11.9,314,1.8,36
2/6/19 19:00,23.1,12.2,331,1.1,37
2/6/19 20:00,23,13.2,32,1,31
2/6/19 21:00,22.8,17.2,99,0.5,31
2/6/19 22:00,22.5,24,108,0.6,21
2/6/19 23:00,22.2,27.5,73,0.7,35
2/7/19 0:00,21.9,23.7,83,0.6,34
2/7/19 1:00,21.6,22,81,0.7,36
2/7/19 2:00,21.3,15.8,94,1.1,27
2/7/19 3:00,21,11,54,1.1,30
2/7/19 4:00,20.9,11,58,1,24
2/7/19 5:00,20.6,11.7,51,1.5,30
2/7/19 6:00,20.2,16.4,12,1.8,26
2/7/19 7:00,20.4,20.3,17,2.7,38
2/7/19 8:00,22.3,14.2,26,2.5,36
2/7/19 9:00,24.6,11.8,32,2.9,37
2/7/19 10:00,26.4,10.3,62,1.9,33
2/7/19 11:00,28.5,7.6,82,1.8,30
2/7/19 12:00,30,6.1,269,1.6,22
2/7/19 13:00,30.5,5.7,303,2.5,20
2/7/19 14:00,30.3,8.1,246,2.4,12
2/7/19 15:00,29,8.5,264,3,14
2/7/19 16:00,27.1,9.1,271,3.2,15
2/7/19 17:00,25.3,11.7,291,2.5,22
2/7/19 18:00,24.4,13,329,1.4,31
2/7/19 19:00,24.1,17.1,21,1.6,30
2/7/19 20:00,23.7,17.4,29,1.8,33
2/7/19 21:00,23.3,18.7,30,1.8,27
2/7/19 22:00,23,21.9,52,0.7,34
2/7/19 23:00,22.7,22.3,76,0.8,38
2/8/19 0:00,22.4,16.9,18,1.7,41
2/8/19 1:00,21.9,17.3,25,1.8,44
2/8/19 2:00,21.3,16.3,7,2.5,41
2/8/19 3:00,20.4,11.4,7,2.9,44
2/8/19 4:00,19.8,11.5,21,2.9,40
2/8/19 5:00,19.4,11.9,23,2.8,43
2/8/19 6:00,19.2,9.2,13,2.9,39
2/8/19 7:00,19.1,10.2,26,2.8,43
2/8/19 8:00,20.1,13.2,16,3.1,49
2/8/19 9:00,21.8,13.3,14,3.7,52
2/8/19 10:00,23.1,11.4,13,2.8,46
2/8/19 11:00,24.8,10.6,354,2.9,37
2/8/19 12:00,26.2,8.6,338,2.8,26
2/8/19 13:00,26.8,10.3,314,2.9,21
2/8/19 14:00,26.2,10.6,331,3.4,24
2/8/19 15:00,25.4,9.8,350,3.5,26
2/8/19 16:00,24.1,12,347,2.6,19
2/8/19 17:00,22.6,14.2,10,3.2,13
2/8/19 18:00,21.3,12.2,16,3.3,13
2/8/19 19:00,20.4,11,15,4,19
2/8/19 20:00,19.8,13.3,30,3.5,11
2/8/19 21:00,19.6,13,25,3.2,10
2/8/19 22:00,19.3,16.1,23,3,10
2/8/19 23:00,19.2,14.4,16,3.2,13
2/9/19 0:00,19.1,13,24,2.7,10
2/9/19 1:00,19.5,14.4,43,2.3,13
2/9/19 2:00,19.6,13.2,76,1.4,12
2/9/19 3:00,19.8,13.1,50,0.6,17
2/9/19 4:00,19.7,14.2,79,1,16
2/9/19 5:00,19.6,14.9,8,1.8,18
2/9/19 6:00,18.6,19.4,18,1.9,23
2/9/19 7:00,19.2,28.9,22,2.3,27
2/9/19 8:00,21,27.9,12,1.7,31
2/9/19 9:00,23.3,24.9,31,1.9,30
2/9/19 10:00,25.4,20.7,356,1.9,37
2/9/19 11:00,26.8,13.7,333,2.2,36
2/9/19 12:00,27.6,11.1,333,2.3,32
2/9/19 13:00,28.1,11.6,319,2.9,23
2/9/19 14:00,27.3,12.6,323,3.1,784#                           
2/9/19 15:00,26.6,11.2#                          ,340,3.6,33
2/9/19 16:00,25,13.3,347,3.7,31
2/9/19 17:00,23.3,12.3,360,4,26
2/9/19 18:00,21.7,11.2,8,3.5,24
2/9/19 19:00,21,13.2,10,3.2,23
2/9/19 20:00,20.4,16.1,1,2.5,23
2/9/19 21:00,19.8,18,16,3,18
2/9/19 22:00,19.2,16.2,16,3.7,14
2/9/19 23:00,18.7,15.8,8,3.4,16
2/10/19 0:00,18.3,18.1,19,3.4,12
2/10/19 1:00,18,19.5,7,4,15
2/10/19 2:00,17.8,21,8,4.3,14
2/10/19 3:00,17.5,15,7,3.8,14
2/10/19 4:00,17.2,16.2,13,3.3,9
2/10/19 5:00,17.1,15.7,19,3.2,8
2/10/19 6:00,17.3,15.2,20,2.7,15
2/10/19 7:00,17.6,16.7,20,2.5,14
2/10/19 8:00,19,17.5,17,1.7,16
2/10/19 9:00,21.2,17.6,31,2.4,18
2/10/19 10:00,23.4,17.4,350,2,24
2/10/19 11:00,25.4,14.2,6,2.9,28
2/10/19 12:00,26.5,10.6,353,2.8,26
2/10/19 13:00,27.2,9.4,326,2.8,23
2/10/19 14:00,27.6,10.1,345,2.6,11
2/10/19 15:00,26.8,10.9,340,3.7,13
2/10/19 16:00,25.1,11.4,337,2.7,24
2/10/19 17:00,23.8,12.5,359,2.9,20
2/10/19 18:00,22.5,14.1,8,3.6,22
2/10/19 19:00,21.6,10.9,9,3.6,16
2/10/19 20:00,20.9,12.3,17,3.3,18
2/10/19 21:00,20.4,15.7,19,2.7,13
2/10/19 22:00,19.9,17.7,18,2.6,18
2/10/19 23:00,19.6,15.2,7,2.8,21
2/11/19 0:00,19.2,15.2,11,3.5,23
2/11/19 1:00,18.8,18.1,20,2.5,25
2/11/19 2:00,18.7,17.2,4,2.8,21
2/11/19 3:00,18.6,16.4,9,3.6,23
2/11/19 4:00,18.6,14.6,9,2.8,18
2/11/19 5:00,18.5,9.3,10,3.6,21
2/11/19 6:00,18.5,10.4,17,4.6,20
2/11/19 7:00,18.7,14.7,16,3.1,25
2/11/19 8:00,19.6,15.6,12,2.7,20
2/11/19 9:00,21,17.3,14,3,20
2/11/19 10:00,22.5,15.4,15,3.9,18
2/11/19 11:00,24.3,13,20,3.6,15
2/11/19 12:00,25.6,13.4,5,3.3,13
2/11/19 13:00,25.6,11.1,334,3.9,9
2/11/19 14:00,25.2,8.9,359,3.9,13
2/11/19 15:00,24.4,8.5,360,3.5,9
2/11/19 16:00,23.6,10.2,349,3.1,11
2/11/19 17:00,22.2,10.1,358,3,10
2/11/19 18:00,21.4,13.8,13,3,13
2/11/19 19:00,21,16,13,2.9,13
2/11/19 20:00,20.2,21.1,14,2.3,13
2/11/19 21:00,19.4,24.6,15,2.6,17
2/11/19 22:00,18.7,21.7,14,2.5,17
2/11/19 23:00,18.2,22.1,11,2.9,17
2/12/19 0:00,17.8,23.7,17,2.5,16
2/12/19 1:00,17.6,32.1,17,2.4,14
2/12/19 2:00,17.4,28.7,11,3,15
2/12/19 3:00,17.2,27.2,17,2.8,11
2/12/19 4:00,17.5,15.9,8,3.3,11
2/12/19 5:00,18.1,16.7,7,2.9,10
2/12/19 6:00,17.9,21.1,4,2.4,8
2/12/19 7:00,18.2,28.6,17,2.8,14
2/12/19 8:00,19.8,28.4,17,2.1,18
2/12/19 9:00,21.8,28.8,344,2.5,28
2/12/19 10:00,23.9,17.7,360,2.7,25
2/12/19 11:00,25.6,13.1,347,2.5,25
2/12/19 12:00,26.5,10.6,307,2.8,18
2/12/19 13:00,26.6,9.4,310,3.2,19
2/12/19 14:00,25.5,8.5,315,3.1,17
2/12/19 15:00,25.1,10.1,318,2.7,16
2/12/19 16:00,24,12.4,332,3.4,14
2/12/19 17:00,22.5,12.3,338,3,12
2/12/19 18:00,21.5,13.9,356,2.4,15
2/12/19 19:00,21.2,15.8,357,2.6,21
2/12/19 20:00,21.2,14.9,12,2.6,15
2/12/19 21:00,21.3,13,10,2.6,17
2/12/19 22:00,21.4,15.1,24,2.3,14
2/12/19 23:00,21.3,19.5,24,2.1,24
2/13/19 0:00,21.1,22,30,1.7,27
2/13/19 1:00,21,24.7,63,1.3,36
2/13/19 2:00,21.1,22.1,57,1,36
2/13/19 3:00,20.7,19.7,6,2.4,37
2/13/19 4:00,19.9,14.3,23,2.6,32
2/13/19 5:00,20,15.8,19,2.5,33
2/13/19 6:00,20.1,18.1,19,3.1,38
2/13/19 7:00,20.5,25.7,14,3.4,40
2/13/19 8:00,21.9,29.7,21,3.1,43
2/13/19 9:00,24.1,24.5,33,2.8,42
2/13/19 10:00,26.2,22.2,11,2.4,42
2/13/19 11:00,28.4,19,27,2.2,37
2/13/19 12:00,29.1,13.4,304,3.1,24
2/13/19 13:00,28.5,11.7,351,3.7,23
2/13/19 14:00,28.6,10.5,322,3.8,18
2/13/19 15:00,27.9,11,336,3.2,15
2/13/19 16:00,26.8,13.4,330,2.8,8
2/13/19 17:00,25.4,15,14,2.6,15
2/13/19 18:00,24,15.5,356,2.8,18
2/13/19 19:00,22.9,13.4,22,2.2,25
2/13/19 20:00,22.2,17.2,5,1.6,20
2/13/19 21:00,21.7,18.7,347,2.1,30
2/13/19 22:00,21.4,18.1,2,1.8,23
2/13/19 23:00,21.1,17.2,8,2.9,33
2/14/19 0:00,21,24.1,11,2.6,30
2/14/19 1:00,20.8,26.1,9,2.2,34
2/14/19 2:00,20.4,20.6,17,2.1,25
2/14/19 3:00,20.3,18.6,29,2.1,30
2/14/19 4:00,20.3,18.7,10,3.1,22
2/14/19 5:00,20.2,14.7,15,2.4,30
2/14/19 6:00,20.1,16.4,15,2.4,20
2/14/19 7:00,20.4,25.3,24,2.1,25
2/14/19 8:00,22,25.8,8,3.3,19
2/14/19 9:00,23.8,20,18,3.1,22
2/14/19 10:00,25.8,17.8,12,2.4,24
2/14/19 11:00,27.4,12.9,319,3,23
2/14/19 12:00,28.7,8.8,314,2.7,21
2/14/19 13:00,28.5,10.6,303,3.2,16
2/14/19 14:00,27.6,9.9,315,3.5,15
2/14/19 15:00,25.9,9.7,339,3.2,15
2/14/19 16:00,25.1,11.8,329,3.7,18
2/14/19 17:00,23.9,14.1,336,3.2,20
2/14/19 18:00,23.4,16.9,345,2.3,22
2/14/19 19:00,22.7,12,359,3,25
2/14/19 20:00,21.9,12.2,348,2.8,18
2/14/19 21:00,21.3,13.4,5,2.8,20
2/14/19 22:00,20.8,14.4,5,3.1,20
2/14/19 23:00,20.5,18.3,15,2.9,36
2/15/19 0:00,20.2,19.8,23,2.1,34
2/15/19 1:00,20,22.3,0,2.3,37
2/15/19 2:00,19.6,21.2,12,2.5,39
2/15/19 3:00,19.4,20.1,16,3.3,38
2/15/19 4:00,19.3,17.1,22,2.8,42
2/15/19 5:00,19.3,13,16,2.7,34
2/15/19 6:00,19.1,21.4,21,1.8,35
2/15/19 7:00,19.6,29.8,21,2.5,38
2/15/19 8:00,21.1,25.2,1,3,33
2/15/19 9:00,22.9,23,17,2.1,35
2/15/19 10:00,24.7,21.9,338,2.7,33
2/15/19 11:00,26.6,16.1,31,1.5,33#                            
2/15/19 12:00,27.4,11.2,0#                             ,0#                             ,47#                            
2/15/19 13:00,23.8,9.3,284,1.7,42
2/15/19 14:00,27.5,8.4,221,3.9,36
2/15/19 15:00,26.7,6.9,256,2.4,18
2/15/19 16:00,25.9,7.1,333,1.7,11
2/15/19 17:00,25.3,15.7,329,1.7,10
2/15/19 18:00,24,19.2,359,1.9,17
2/15/19 19:00,23.5,17.7,33,1.9,27
2/15/19 20:00,23.6,26.4,70,1,32
2/15/19 21:00,23.7,40.9,67,0.7,22
2/15/19 22:00,23.4,38.7,109,1.1,26
2/15/19 23:00,23.3,26.5,76,0.6,24
2/16/19 0:00,22.9,28.2,167,0.5,31
2/16/19 1:00,22.5,20.6,156,0.5,27
2/16/19 2:00,22.3,15.5,153,0.6,25
2/16/19 3:00,22.1,25,27,2.2,30
2/16/19 4:00,21.1,27.7,22,2.5,33
2/16/19 5:00,20.8,23.9,34,2.1,44
2/16/19 6:00,20.7,24.5,28,2.1,50
2/16/19 7:00,20.9,25.3,22,2.3,57
2/16/19 8:00,22.2,24.3,35,2.6,56
2/16/19 9:00,24.2,19.1,22,2.4,51
2/16/19 10:00,25.4,14.9,52,2,41
2/16/19 11:00,26.4,10.4,320,1.7,38
2/16/19 12:00,27.5,8.9,301,1.9,27
2/16/19 13:00,26.9,9.4,309,3.3,28
2/16/19 14:00,25.2,9.9,338,3.3,25
2/16/19 15:00,24.8,9.1,3,3.9,25
2/16/19 16:00,23.8,11.6,355,3,27
2/16/19 17:00,22.8,12.5,7,2.6,31
2/16/19 18:00,21.9,15.1,7,2.9,32
2/16/19 19:00,21.5,16.9,26,1.9,34
2/16/19 20:00,21.3,20.9,20,2.6,30
2/16/19 21:00,21.1,23.2,4,2.3,35
2/16/19 22:00,20.6,19,6,3,31
2/16/19 23:00,20.2,17.6,12,2.3,27
2/17/19 0:00,19.5,15.2,4,2.5,22
2/17/19 1:00,19.1,13.1,18,3.4,16
2/17/19 2:00,18.9,14.4,1,3,16
2/17/19 3:00,18.7,18.1,5,2.7,23
2/17/19 4:00,18.6,19,14,3.5,27
2/17/19 5:00,18.8,15.8,7,2.8,26
2/17/19 6:00,18.5,13.7,15,2.1,21
2/17/19 7:00,18.6,17,29,2.9,17
2/17/19 8:00,19.9,20.1,24,2.7,16
2/17/19 9:00,21.9,17.7,346,2.3,26
2/17/19 10:00,23.1,14.7,345,3.8,30
2/17/19 11:00,24.6,10.5,332,3.9,27
2/17/19 12:00,25.1,9.8,337,3.1,18
2/17/19 13:00,25.4,8.6,8,3.3,16
2/17/19 14:00,25.4,8.2,310,4.3,21
2/17/19 15:00,23.9,9.9,342,4.2,19
2/17/19 16:00,22.8,10.5,332,4.3,23
2/17/19 17:00,21.5,11.9,357,3.4,13
2/17/19 18:00,20.7,12.5,2,3.3,15
2/17/19 19:00,20.5,12.9,354,3.4,13
2/17/19 20:00,20.2,11,357,2.9,16
2/17/19 21:00,20.1,10.5,4,3.1,8
2/17/19 22:00,19.9,10.9,11,3.2,2
2/17/19 23:00,19.5,11.2,11,3.8,8
2/18/19 0:00,19.4,11.5,10,3.2,10
2/18/19 1:00,19.3,11.2,10,3.2,11
2/18/19 2:00,19.3,12.3,360,2.2,9
2/18/19 3:00,19.2,11,20,2.1,8
2/18/19 4:00,18.8,11.5,23,1.7,7
2/18/19 5:00,18.7,17.6,30,1.5,17
2/18/19 6:00,18.9,20.2,24,1.9,21
2/18/19 7:00,19.3,25.4,20,1.8,36
2/18/19 8:00,20.3,31.1,16,2,28
2/18/19 9:00,22.6,26.7,21,2,32
2/18/19 10:00,24.4,23.9,337,2.6,23
2/18/19 11:00,26,15.3,339,2.4,31
2/18/19 12:00,27.2,13.3,313,3.7,34
2/18/19 13:00,27,11.7,287,2.2,37
2/18/19 14:00,27.4,11.5,240,2.6,31
2/18/19 15:00,27.3,10.9,220,2.6,25
2/18/19 16:00,26.7,10.2,201,3.1,19
2/18/19 17:00,25.7,13.5,239,2.2,17
2/18/19 18:00,25.2,14.9,190,2.3,15
2/18/19 19:00,26.1,15.4,171,2.4,17
2/18/19 20:00,25.8,15.3,169,2.6,15
2/18/19 21:00,25.7,16.6,168,2,16
2/18/19 22:00,25.5,19.3,161,2.2,14
2/18/19 23:00,25.5,14.9,197,2.6,12
2/19/19 0:00,25.3,8,180,1.5,7
2/19/19 1:00,24.8,7.3,171,1.9,13
2/19/19 2:00,23.6,7.7,351,1.5,19
2/19/19 3:00,22.7,7.6,20,1.6,19
2/19/19 4:00,22,9.4,55,1.3,7
2/19/19 5:00,22.4,18.3,132,0.6,1
2/19/19 6:00,23.1,21.9,168,1.2,7
2/19/19 7:00,23.8,29.1,168,0.8,11
2/19/19 8:00,25,39.4,176,1.7,17
2/19/19 9:00,27.3,26.1,151,1.9,21
2/19/19 10:00,29.6,13.7,157,1.4,24
2/19/19 11:00,29.7,20.3,238,2,26
2/19/19 12:00,30.1,13.2,233,2.7,21
2/19/19 13:00,29.3,10.5,239,3,23
2/19/19 14:00,28.8,15.1,260,2.9,17
2/19/19 15:00,27.8,14.8,246,2.8,18
2/19/19 16:00,27,14.6,261,2.4,23
2/19/19 17:00,26.4,15.7,231,1.8,19
2/19/19 18:00,25.6,14.4,264,1.2,23
2/19/19 19:00,25.5,12.6,209,1.4,11
2/19/19 20:00,25.3,12.1,186,0.5,15
2/19/19 21:00,25.2,15,182,0.5,9
2/19/19 22:00,25,17.7,84,1.1,8
2/19/19 23:00,24.7,23,167,0.5,15
2/20/19 0:00,24.6,19.8,116,0.9,17
2/20/19 1:00,24.3,26,81,1,24
2/20/19 2:00,24,20.3,59,1,24
2/20/19 3:00,23.6,25.1,91,1,26
2/20/19 4:00,23.3,22.7,69,0.8,34
2/20/19 5:00,23.2,18.6,105,0.5,23
2/20/19 6:00,23.1,19.8,51,1,23
2/20/19 7:00,23.3,36.9,18,2.1,20
2/20/19 8:00,24.3,49.6,42,1.3,37
2/20/19 9:00,26.1,35.6,211,1.1,46
2/20/19 10:00,27.7,21.7,210,2.1,57
2/20/19 11:00,28.7,16.9,227,3.4,53
2/20/19 12:00,28.9,10.4,210,3.3,38
2/20/19 13:00,29.1,6.8,221,3.8,21
2/20/19 14:00,28.6,5.9,229,3.8,6
2/20/19 15:00,28,5.9,231,3.1,10
2/20/19 16:00,27.3,7.4,230,2.9,6
2/20/19 17:00,26.4,7.7,234,2.2,11
2/20/19 18:00,25.9,8.5,225,1.6,2
2/20/19 19:00,25.6,18.9,332,1.3,19
2/20/19 20:00,25.2,23.1,23,2.1,32
2/20/19 21:00,24.5,25.1,14,1.7,60
2/20/19 22:00,24.4,21.6,20,2.2,76
2/20/19 23:00,23.7,19.5,20,1.6,78
2/21/19 0:00,23.1,19.6,37,1.6,69
2/21/19 1:00,22.9,21,18,2,67
2/21/19 2:00,22.6,27.3,19,1.3,75
2/21/19 3:00,22.1,28.7,12,2.1,80
2/21/19 4:00,21.5,25.1,21,2.2,65
2/21/19 5:00,21.2,24,27,1.9,60
2/21/19 6:00,21.2,29.8,16,1.4,59
2/21/19 7:00,21.4,36,23,1.5,76
2/21/19 8:00,21.7,34.4,36,1.6,73
2/21/19 9:00,22.8,31.7,22,2,72
2/21/19 10:00,24.9,25.6,337,1.6,64
2/21/19 11:00,26.4,15.7,238,2.5,65
2/21/19 12:00,27.2,6.9,204,3.2,44
2/21/19 13:00,27,6.2,251,2.5,26
2/21/19 14:00,26.9,6,257,2.5,18
2/21/19 15:00,26.9,5.7,235,2,21
2/21/19 16:00,26.6,6.9,212,2.3,20
2/21/19 17:00,25.9,10.8,199,1.5,18
2/21/19 18:00,25.2,14.4,199,1.3,20
2/21/19 19:00,24.7,13.5,255,1.1,18
2/21/19 20:00,24,18,349,3.1,19
2/21/19 21:00,22,17,23,2.8,28
2/21/19 22:00,20.5,13.5,31,2.5,37
2/21/19 23:00,20.4,19.2,24,1.6,36
2/22/19 0:00,20.4,22.3,25,1.7,38
2/22/19 1:00,20.3,24.8,17,2.2,44
2/22/19 2:00,19.6,21.1,15,2.5,49
2/22/19 3:00,19.5,16.6,27,3.3,42
2/22/19 4:00,19.8,12.1,24,3,35
2/22/19 5:00,19.9,12.6,39,2.7,32
2/22/19 6:00,19.7,17.5,29,2.4,33
2/22/19 7:00,20.5,29,22,2.1,36
2/22/19 8:00,22.1,31.8,358,3.4,47
2/22/19 9:00,23.3,17.8,12,3.9,46
2/22/19 10:00,25,15.1,343,2.7,48
2/22/19 11:00,26.6,14,5,2.8,36
2/22/19 12:00,26.1,10.6,327,3.9,37
2/22/19 13:00,25.5,9.1#                           ,338,4.2,22
2/22/19 14:00,25,8.1,342,4.8,22#                            
2/22/19 15:00,24,8.5#                           ,329,4,753#                           
2/22/19 16:00,22.4,12.4#                          ,348,4.2,42#                            
2/22/19 17:00,21.3,11.6,357,3.5,27
2/22/19 18:00,20.8,10.9,5,3.6,20
2/22/19 19:00,20.2,12.5,3,2.5,11
2/22/19 20:00,19.6,14.2,349,2.7,18
2/22/19 21:00,19.2,15.4,353,2.5,21
2/22/19 22:00,18.9,18.1,358,2.8,28
2/22/19 23:00,18.6,21.8,14,2.7,24
2/23/19 0:00,18.4,20.9,5,3.1,23
2/23/19 1:00,18.1,16.4,358,3.7,15
2/23/19 2:00,18,10.1,15,4.1,11
2/23/19 3:00,17.7,7.7,11,3.8,9
2/23/19 4:00,17.3,10,19,3.1,10
2/23/19 5:00,17,11.9,22,2.3,15
2/23/19 6:00,17,15.2,24,1.8,20
2/23/19 7:00,17.6,27.9,50,1.7,20
2/23/19 8:00,19.6,35.1,324,1.8,27
2/23/19 9:00,21.3,32.5,332,2.4,31
2/23/19 10:00,22.1,15.1,320,2.5,38
2/23/19 11:00,23.3,12.9,356,3.2,30
2/23/19 12:00,24.2,12.8,345,3.9,27
2/23/19 13:00,23.5,12.4,22,3.3,23
2/23/19 14:00,23.6,10.7,340,3.1,22
2/23/19 15:00,23.5,11.8,336,3.2,8
2/23/19 16:00,22.5,16.7,356,2.7,8
2/23/19 17:00,22,23.1,9,2.4,24
2/23/19 18:00,21.4,24.9,3,4,36
2/23/19 19:00,20.1,26.8,13,2.9,44
2/23/19 20:00,19.3,25.4,33,3,40
2/23/19 21:00,19,25,347,2.4,33
2/23/19 22:00,18.3,24.2,7,2.9,22
2/23/19 23:00,18,18.6,21,2.4,19
2/24/19 0:00,18,22.4,29,2.1,22
2/24/19 1:00,18,20.8,8,2.1,27
2/24/19 2:00,18,19.7,357,2.1,28
2/24/19 3:00,17.6,14.8,13,3.3,28
2/24/19 4:00,17.4,14.7,26,2.4,30
2/24/19 5:00,17.4,16.5,14,3.2,25
2/24/19 6:00,17.5,18.7,14,2.4,26
2/24/19 7:00,18,23.6,14,2.7,22
2/24/19 8:00,18.8,21.3,34,2.3,25
2/24/19 9:00,19.3,27.9,360,1.4,25
2/24/19 10:00,19.8,27.3,0,2.5,26
2/24/19 11:00,19,24.9,29,3.1,33
2/24/19 12:00,19,26.4,26,2.4,26
2/24/19 13:00,20.2,20.1,349,2.6,27
2/24/19 14:00,20.3,16,10,2.7,19
2/24/19 15:00,20.2,17,10,3.5,24
2/24/19 16:00,19.5,20,11,3.7,19
2/24/19 17:00,19.1,17.4,27,2.7,14
2/24/19 18:00,19,16.9,16,3.1,8
2/24/19 19:00,19.1,17.2,26,2.3,7
2/24/19 20:00,19.5,20.1,41,2.2,12
2/24/19 21:00,19.9,17.6,1,3,10
2/24/19 22:00,18.7,15.4,14,3.2,16
2/24/19 23:00,18.4,14.4,12,3.1,13
2/25/19 0:00,18.2,13.9,13,2.8,17
2/25/19 1:00,17.9,9.8,7,2.5,11
2/25/19 2:00,17.3,9.3,10,3.1,14
2/25/19 3:00,17.2,8.8,22,2.5,11
2/25/19 4:00,17.4,11.6,21,2.5,17
2/25/19 5:00,17.5,13.1,14,3.1,18
2/25/19 6:00,17.7,17,9,2.3,24
2/25/19 7:00,18,21.2,14,3.3,21
2/25/19 8:00,19.3,18.1,16,2.9,21
2/25/19 9:00,20.8,17,11,2.9,17
2/25/19 10:00,21.8,15.2,13,3.9,22
2/25/19 11:00,22.5,14.4,354,3.2,26
2/25/19 12:00,23.7,13.3,353,2.8,35
2/25/19 13:00,24.6,12.7,344,3.2,41
2/25/19 14:00,25.3,12.4,335,1.8,42
2/25/19 15:00,25.1,50.1#                          ,330,3.3,800#                           
2/25/19 16:00,23.5,14,333,3.5,25
2/25/19 17:00,22.1,16.2,343,3.3,26
2/25/19 18:00,20.5,15.4,9,3.4,20
2/25/19 19:00,20.1,12.6,5,2.6,36
2/25/19 20:00,19.9,11.6,1,2.9,35
2/25/19 21:00,19.6,12.8,355,2.1,34
2/25/19 22:00,19.6,15,355,3.3,32
2/25/19 23:00,19.6,15,6,2.7,37
2/26/19 0:00,19.3,14.6,44,2,37
2/26/19 1:00,19,22.9,41,1.4,41
2/26/19 2:00,18.9,20.1,328,2.3,39
2/26/19 3:00,18.4,16.3,17,1.8,42
2/26/19 4:00,18.1,18.5,52,1.9,41
2/26/19 5:00,18.2,19.8,34,1.2,36
2/26/19 6:00,18.3,26,352,1.7,44
2/26/19 7:00,18.1,29.3,8,2.3,45
2/26/19 8:00,19.6,36,34,2.1,49
2/26/19 9:00,21.6,31.9,51,1.6,47
2/26/19 10:00,23.2,25.6,321,2.7,51
2/26/19 11:00,24.7,15.8,289,2.8,57
2/26/19 12:00,25.5,13.5,293,2.5,54
2/26/19 13:00,25.6,11.6,334,3.1,42
2/26/19 14:00,25.9,10.8,334,2.6,25
2/26/19 15:00,26.1,11,273,1.7,25#                            
2/26/19 16:00,25.6,13.2,258,1.3,174#                           
2/26/19 17:00,24.9,15.6,277,1.7,170#                           
2/26/19 18:00,23.1,16.3,339,2.1,179#                           
2/26/19 19:00,21.6,13.5,351,2.4,18
2/26/19 20:00,20.4,11.7,10,3.3,28
2/26/19 21:00,20.3,11.9,346,3.1,15
2/26/19 22:00,20.3,11.8,12,2.3,25
2/26/19 23:00,20.1,11.3,16,2.3,24
2/27/19 0:00,19.9,10.6,11,2.6,33
2/27/19 1:00,19.7,9.7,16,3,25
2/27/19 2:00,19.7,11.1,25,2.9,24
2/27/19 3:00,19.5,12.3,12,2.7,25
2/27/19 4:00,19.2,12.3,23,2.2,34
2/27/19 5:00,19,13.5,11,2.6,27
2/27/19 6:00,18.4,12.3,12,3.9,37
2/27/19 7:00,18.5,18.3,30,2.7,46
2/27/19 8:00,19.6,20.1,24,3.4,68
2/27/19 9:00,21.3,21.7,14,3.1,73
2/27/19 10:00,23.4,20.7,343,2.7,76
2/27/19 11:00,24.9,14.5,15,3,69
2/27/19 12:00,26.6,12.5,328,3,68
2/27/19 13:00,27.1,11.2,315,3,61
2/27/19 14:00,26.8,11.4,309,3,56
2/27/19 15:00,26.8,12.1,326,2.5,45
2/27/19 16:00,25.6,11.5,346,2.3,40
2/27/19 17:00,24.9,16.3,327,1.8,35
2/27/19 18:00,23.9,17.3,340,2.8,38
2/27/19 19:00,23,14.2,1,1.8,36
2/27/19 20:00,22.7,14.8,13,1.8,38
2/27/19 21:00,22.3,18.9,37,1.8,27
2/27/19 22:00,22.2,25.8,27,1.4,32
2/27/19 23:00,22.2,33.6,20,1.7,36
2/28/19 0:00,22.2,31.8,37,1.4,49
2/28/19 1:00,22.7,23.3,41,1.4,44
2/28/19 2:00,22.6,21.1,34,1.7,36
2/28/19 3:00,22.5,24.2,30,1.3,28
2/28/19 4:00,22.5,13.9,30,1.3,35
2/28/19 5:00,22.3,18,10,2.7,40
2/28/19 6:00,21.4,25.1,28,2.4,42
2/28/19 7:00,21.2,24.3,17,1.7,52
2/28/19 8:00,22.7,24.8,7,1.7,62
2/28/19 9:00,25.1,21,358,2.3,70
2/28/19 10:00,26.9,14.9,0,2.7,52
2/28/19 11:00,27.7,10.8,355,2.5,47
2/28/19 12:00,28.2,10.3,333,3.7,30
2/28/19 13:00,27.4,10.5,339,3.6,37
2/28/19 14:00,27,12,341,3.6,30
2/28/19 15:00,26.3,13.4,340,3.4,37
2/28/19 16:00,25.2,14.3,349,3.3,30
2/28/19 17:00,23.8,14.9,1,3.6,27
2/28/19 18:00,22.6,15.8,360,3,24
2/28/19 19:00,22.1,19,8,2.5,26
2/28/19 20:00,21.7,17.1,3,2.9,23
2/28/19 21:00,21.2,16.2,4,2.8,24
2/28/19 22:00,20.9,15.8,13,2.7,26
2/28/19 23:00,20.6,13.1,13,2.9,25